etc,"罡祐2Ui800﹣5005

TP U 
18005005
OO0 5 wasst
뜨

 

e
218005005

08088550057 1"
etc,"罡祐2Ui800﹣5005

TP U 
18005005
OO0 5 wasst
뜨

 

e
218005005

08088550057 1"
etc,"0066발신
광고1588운전
어회마일5000
10회블랙박스아
전자담배증정

무료거부
0808521117"
etc,"대리운전5885500번

 

대1158855
리1우수회원님
많 누적금액은
는\5500점
불러주세요
8500253080"
etc,"E

 

편안하고 안전한
귀가는

6000점 적립

음주단속 확대실시중입니다
새벽6시까지 확대

집중단속중이니

운행에 참고하세요

거0800540007"
etc,"0466발신

전국2시간내배송근조축하3단
화환기존10만원상품
+59000

R"
etc,"cHd52118005005

TP U 
18005005
OO0 5 wasst
뜨

 

e
218005005

08088550057 1"
etc,"0066발신
광고1588운전
어회마일5000
10회블랙박스아
전자담배증정

무료거부
0808521117"
etc,"대리운전5885500번

 

대1158855
리1우수회원님
많 누적금액은
는\5500점
불러주세요
8500253080"
etc,"늘안전운행

 

편안하고 안전한
귀가는

6000점 적립

음주단속 확대실시중입니다
새벽6시까지 확대

집중단속중이니

운행에 참고하세요

거0800540007"
etc,"0466발신

전국2시간내배송근조축하3단
화환기존10만원상품
+59000

www16002451coke"
etc,"cHd52118005005

TP U 
18005005
OO0 5 wasst
뜨

 

e
218005005

08088550057 1"
etc,"0066발신
광고1588운전
어회마일5000
10회블랙박스아
전자담배증정

무료거부
0808521117"
etc,"대리운전5885500번

 

대1158855
리1우수회원님
많 누적금액은
는\5500점
불러주세요
8500253080"
etc,"늘안전운행

 

편안하고 안전한
귀가는

6000점 적립

음주단속 확대실시중입니다
새벽6시까지 확대

집중단속중이니

운행에 참고하세요

거0800540007"
etc,"0466발신

전국2시간내배송근조축하3단
화환기존10만원상품
+59000

www16002451coke"
etc,"cHd52118005005

TP U 
18005005
OO0 5 wasst
뜨

 

e
218005005

08088550057 1"
etc,"0066발신
광고1588운전
어회마일5000
10회블랙박스아
전자담배증정

무료거부
0808521117"
etc,"대리운전5885500번

 

대1158855
리1우수회원님
많 누적금액은
는\5500점
불러주세요
8500253080"
etc,"늘안전운행

 

편안하고 안전한
귀가는

6000점 적립

음주단속 확대실시중입니다
새벽6시까지 확대

집중단속중이니

운행에 참고하세요

거0800540007"
etc,"0466발신

전국2시간내배송근조축하3단
화환기존10만원상품
59000

www16002451coke"
etc,"cHd52118005005

TP U 
18005005
OO0 5 wasst
뜨

 

e
218005005

08088550057 1"
etc,"0066발신
광고1588운전
어회마일5000
10회블랙박스아
전자담배증정

무료거부
0808521117"
etc,"대리운전5885500번

 

대1158855
리1우수회원님
많 누적금액은
는\5500점
불러주세요
8500253080"
etc,"늘안전운행

 

편안하고 안전한
귀가는

6000점 적립

음주단속 확대실시중입니다
새벽6시까지 확대

집중단속중이니

운행에 참고하세요

거0800540007"
etc,"0466발신

전국2시간내배송근조축하3단
화환기존10만원상품
59000

www16002451coke"
etc,"cHd52118005005

TP U 
18005005
OO0 5 wasst
뜨

 

e
218005005

08088550057 1"
etc,"0066발신
광고1588운전
어회마일5000
10회블랙박스아
전자담배증정

무료거부
0808521117"
etc,"대리운전5885500번

 

대1158855
리1우수회원님
많 누적금액은
는\5500점
불러주세요
8500253080"
etc,"늘안전운행

 

편안하고 안전한
귀가는

6000점 적립

음주단속 확대실시중입니다
새벽6시까지 확대

집중단속중이니

운행에 참고하세요

거0800540007"
etc,"0466발신

전국2시간내배송근조축하3단
화환기존10만원상품
59000

www16002451coke"
etc,"cHd52118005005

TP U 
18005005
OO0 5 wasst
뜨

 

e
218005005

08088550057 1"
etc,"0066발신
광고1588운전
어회마일5000
10회블랙박스아
전자담배증정

무료거부
0808521117"
etc,"대리운전5885500번

 

대1158855
리1우수회원님
많 누적금액은
는\5500점
불러주세요
8500253080"
etc,"늘안전운행

 

편안하고 안전한
귀가는

6000점 적립

음주단속 확대실시중입니다
새벽6시까지 확대

집중단속중이니

운행에 참고하세요

거0800540007"
etc,"0466발신

전국2시간내배송근조축하3단
화환기존10만원상품
59000

www16002451coke"
etc,"cHd52118005005

TP U 
18005005
OO0 5 wasst
뜨

 

e
218005005

08088550057 1"
etc,"0066발신
광고1588운전
어회마일5000
10회블랙박스아
전자담배증정

무료거부
0808521117"
etc,"대리운전5885500번

 

대1158855
리1우수회원님
많 누적금액은
는\5500점
불러주세요
8500253080"
etc,"늘안전운행

 

편안하고 안전한
귀가는

6000점 적립

음주단속 확대실시중입니다
새벽6시까지 확대

집중단속중이니

운행에 참고하세요

거0800540007"
etc,"0466발신

전국2시간내배송근조축하3단
화환기존10만원상품
59000

www16002451coke"
etc,"cHd52118005005

TP U 
18005005
OO0 5 wasst
뜨

 

e
218005005

08088550057 1"
etc,"0066발신
광고1588운전
어회마일5000
10회블랙박스아
전자담배증정

무료거부
0808521117"
etc,"대리운전5885500번

 

대1158855
리1우수회원님
많 누적금액은
는\5500점
불러주세요
8500253080"
etc,"늘안전운행

 

편안하고 안전한
귀가는

6000점 적립

음주단속 확대실시중입니다
새벽6시까지 확대

집중단속중이니

운행에 참고하세요

거0800540007"
etc,"0466발신

전국2시간내배송근조축하3단
화환기존10만원상품
59000

www16002451coke"
etc,"cHd52118005005

TP U 
18005005
OO0 5 wasst
뜨

 

e
218005005

08088550057 1"
etc,"0066발신
광고1588운전
어회마일5000
10회블랙박스아
전자담배증정

무료거부
0808521117"
etc,"대리운전5885500번

 

대1158855
리1우수회원님
많 누적금액은
는\5500점
불러주세요
8500253080"
etc,"늘안전운행

 

편안하고 안전한
귀가는

6000점 적립

음주단속 확대실시중입니다
새벽6시까지 확대

집중단속중이니

운행에 참고하세요

거0800540007"
etc,"0466발신

전국2시간내배송근조축하3단
화환기존10만원상품
59000

www16002451coke"
etc,"cHd52118005005

TP U 
18005005
OO0 5 wasst
뜨

 

e
218005005

08088550057 1"
etc,"0066발신
광고1588운전
어회마일5000
10회블랙박스아
전자담배증정

무료거부
0808521117"
etc,"대리운전5885500번

 

대1158855
리1우수회원님
많 누적금액은
는\5500점
불러주세요
8500253080"
etc,"늘안전운행

 

편안하고 안전한
귀가는

6000점 적립

음주단속 확대실시중입니다
새벽6시까지 확대

집중단속중이니

운행에 참고하세요

거0800540007"
etc,"0466발신

전국2시간내배송근조축하3단
화환기존10만원상품
59000

www16002451coke"
etc,"cHd52118005005

TP U 
18005005
OO0 5 wasst
뜨

 

e
218005005

08088550057 1"
etc,"0066발신
광고1588운전
어회마일5000
10회블랙박스아
전자담배증정

무료거부
0808521117"
etc,"대리운전5885500번

 

대1158855
리1우수회원님
많 누적금액은
는\5500점
불러주세요
8500253080"
etc,"늘안전운행

 

편안하고 안전한
귀가는

6000점 적립

음주단속 확대실시중입니다
새벽6시까지 확대

집중단속중이니

운행에 참고하세요

거0800540007"
etc,"0466발신

전국2시간내배송근조축하3단
화환기존10만원상품
59000

www16002451coke"
etc,"cHd52118005005

TP U 
18005005
OO0 5 wasst
뜨

 

e
218005005

08088550057 1"
etc,"0066발신
광고1588운전
어회마일5000
10회블랙박스아
전자담배증정

무료거부
0808521117"
etc,"대리운전5885500번

 

대1158855
리1우수회원님
많 누적금액은
는\5500점
불러주세요
8500253080"
etc,"늘안전운행

 

편안하고 안전한
귀가는

6000점 적립

음주단속 확대실시중입니다
새벽6시까지 확대

집중단속중이니

운행에 참고하세요

거0800540007"
etc,"0466발신

전국2시간내배송근조축하3단
화환기존10만원상품
59000

www16002451coke"
etc,"cHd52118005005

TP U 
18005005
OO0 5 wasst
뜨

 

e
218005005

08088550057 1"
etc,"0066발신
광고1588운전
어회마일5000
10회블랙박스아
전자담배증정

무료거부
0808521117"
etc,"대리운전5885500번

 

대1158855
리1우수회원님
많 누적금액은
는\5500점
불러주세요
8500253080"
etc,"늘안전운행

 

편안하고 안전한
귀가는

6000점 적립

음주단속 확대실시중입니다
새벽6시까지 확대

집중단속중이니

운행에 참고하세요

거0800540007"
etc,"0466발신

전국2시간내배송근조축하3단
화환기존10만원상품
59000

www16002451coke"
etc,"cHd52118005005

TP U 
18005005
OO0 5 wasst
뜨

 

e
218005005

08088550057 1"
etc,"0066발신
광고1588운전
어회마일5000
10회블랙박스아
전자담배증정

무료거부
0808521117"
etc,"대리운전5885500번

 

대1158855
리1우수회원님
많 누적금액은
는\5500점
불러주세요
8500253080"
etc,"늘안전운행

 

편안하고 안전한
귀가는

6000점 적립

음주단속 확대실시중입니다
새벽6시까지 확대

집중단속중이니

운행에 참고하세요

거0800540007"
etc,"0466발신

전국2시간내배송근조축하3단
화환기존10만원상품
59000

www16002451coke"
etc,"cHd52118005005

TP U 
18005005
OO0 5 wasst
뜨

 

e
218005005

08088550057 1"
etc,"0066발신
광고1588운전
어회마일5000
10회블랙박스아
전자담배증정

무료거부
0808521117"
etc,"대리운전5885500번

 

대1158855
리1우수회원님
많 누적금액은
는\5500점
불러주세요
8500253080"
etc,"늘안전운행

 

편안하고 안전한
귀가는

6000점 적립

음주단속 확대실시중입니다
새벽6시까지 확대

집중단속중이니

운행에 참고하세요

거0800540007"
etc,"0466발신

전국2시간내배송근조축하3단
화환기존10만원상품
59000

www16002451coke"
etc,"cHd52118005005

TP U 
18005005
OO0 5 wasst
뜨

 

e
218005005

08088550057 1"
etc,"0066발신
광고1588운전
어회마일5000
10회블랙박스아
전자담배증정

무료거부
0808521117"
etc,"대리운전5885500번

 

대1158855
리1우수회원님
많 누적금액은
는\5500점
불러주세요
8500253080"
etc,"늘안전운행

 

편안하고 안전한
귀가는

6000점 적립

음주단속 확대실시중입니다
새벽6시까지 확대

집중단속중이니

운행에 참고하세요

거0800540007"
etc,"0466발신

전국2시간내배송근조축하3단
화환기존10만원상품
59000

www16002451coke"
etc,"cHd52118005005

TP U 
18005005
OO0 5 wasst
뜨

 

e
218005005

08088550057 1"
etc,"0066발신
광고1588운전
어회마일5000
10회블랙박스아
전자담배증정

무료거부
0808521117"
etc,"대리운전5885500번

 

대1158855
리1우수회원님
많 누적금액은
는\5500점
불러주세요
8500253080"
etc,"늘안전운행

 

편안하고 안전한
귀가는

6000점 적립

음주단속 확대실시중입니다
새벽6시까지 확대

집중단속중이니

운행에 참고하세요

거0800540007"
etc,"0466발신

전국2시간내배송근조축하3단
화환기존10만원상품
59000

www16002451coke"
etc,"cHd52118005005

TP U 
18005005
OO0 5 wasst
뜨

 

e
218005005

08088550057 1"
etc,"0066발신
광고1588운전
어회마일5000
10회블랙박스아
전자담배증정

무료거부
0808521117"
etc,"대리운전5885500번

 

대1158855
리1우수회원님
많 누적금액은
는\5500점
불러주세요
8500253080"
etc,"늘안전운행

 

편안하고 안전한
귀가는

6000점 적립

음주단속 확대실시중입니다
새벽6시까지 확대

집중단속중이니

운행에 참고하세요

거0800540007"
etc,"0466발신

전국2시간내배송근조축하3단
화환기존10만원상품
59000

www16002451coke"
etc,"cHd52118005005

TP U 
18005005
OO0 5 wasst
뜨

 

e
218005005

08088550057 1"
etc,"0066발신
광고1588운전
어회마일5000
10회블랙박스아
전자담배증정

무료거부
0808521117"
etc,"대리운전5885500번

 

대1158855
리1우수회원님
많 누적금액은
는\5500점
불러주세요
8500253080"
etc,"늘안전운행

 

편안하고 안전한
귀가는

6000점 적립

음주단속 확대실시중입니다
새벽6시까지 확대

집중단속중이니

운행에 참고하세요

거0800540007"
etc,"0466발신

전국2시간내배송근조축하3단
화환기존10만원상품
59000

www16002451coke"
